<?xml version="1.0" encoding="UTF-8"?><?xml-stylesheet type='text/xsl' href='_UpgradeReport_Files/UpgradeReport.xslt'?><UpgradeLog>
<Properties><Property Name="Solution" Value="CAT20">
</Property><Property Name="Solution File" Value="C:\Users\Chris\Dropbox\DebateTab\Dropbox\CAT20\CAT20.sln">
</Property><Property Name="User Options File" Value="C:\Users\Chris\Dropbox\DebateTab\Dropbox\CAT20\CAT20.suo">
</Property><Property Name="Date" Value="Saturday, October 20, 2012">
</Property><Property Name="Time" Value="14:44 PM">
</Property></Properties><Event ErrorLevel="0" Project="" Source="CAT20.sln" Description="File successfully backed up as C:\Users\Chris\Dropbox\DebateTab\Dropbox\CAT20\Backup\CAT20.sln">
</Event><Event ErrorLevel="0" Project="" Source="CAT20.suo" Description="File successfully backed up as C:\Users\Chris\Dropbox\DebateTab\Dropbox\CAT20\Backup\CAT20.suo">
</Event><Event ErrorLevel="0" Project="CAT20" Source="CAT20\CAT20.vbproj" Description="Project file successfully backed up as C:\Users\Chris\Dropbox\DebateTab\Dropbox\CAT20\Backup\CAT20\CAT20.vbproj">
</Event><Event ErrorLevel="0" Project="CAT20" Source="CAT20\CAT20.vbproj.user" Description="Project user file successfully backed up as C:\Users\Chris\Dropbox\DebateTab\Dropbox\CAT20\Backup\CAT20\CAT20.vbproj.user">
</Event><Event ErrorLevel="0" Project="CAT20" Source="CAT20\cDataGridViewPrinter.vb" Description="File successfully backed up as C:\Users\Chris\Dropbox\DebateTab\Dropbox\CAT20\Backup\CAT20\cDataGridViewPrinter.vb">
</Event><Event ErrorLevel="0" Project="CAT20" Source="CAT20\ClassMsgBoxCustomizer.vb" Description="File successfully backed up as C:\Users\Chris\Dropbox\DebateTab\Dropbox\CAT20\Backup\CAT20\ClassMsgBoxCustomizer.vb">
</Event><Event ErrorLevel="0" Project="CAT20" Source="CAT20\frmBallotEntry.Designer.vb" Description="File successfully backed up as C:\Users\Chris\Dropbox\DebateTab\Dropbox\CAT20\Backup\CAT20\frmBallotEntry.Designer.vb">
</Event><Event ErrorLevel="0" Project="CAT20" Source="CAT20\frmBallotEntry.vb" Description="File successfully backed up as C:\Users\Chris\Dropbox\DebateTab\Dropbox\CAT20\Backup\CAT20\frmBallotEntry.vb">
</Event><Event ErrorLevel="0" Project="CAT20" Source="CAT20\frmCards.Designer.vb" Description="File successfully backed up as C:\Users\Chris\Dropbox\DebateTab\Dropbox\CAT20\Backup\CAT20\frmCards.Designer.vb">
</Event><Event ErrorLevel="0" Project="CAT20" Source="CAT20\frmCards.vb" Description="File successfully backed up as C:\Users\Chris\Dropbox\DebateTab\Dropbox\CAT20\Backup\CAT20\frmCards.vb">
</Event><Event ErrorLevel="0" Project="CAT20" Source="CAT20\frmDataFileLoader.Designer.vb" Description="File successfully backed up as C:\Users\Chris\Dropbox\DebateTab\Dropbox\CAT20\Backup\CAT20\frmDataFileLoader.Designer.vb">
</Event><Event ErrorLevel="0" Project="CAT20" Source="CAT20\frmDataFileLoader.vb" Description="File successfully backed up as C:\Users\Chris\Dropbox\DebateTab\Dropbox\CAT20\Backup\CAT20\frmDataFileLoader.vb">
</Event><Event ErrorLevel="0" Project="CAT20" Source="CAT20\frmElims.Designer.vb" Description="File successfully backed up as C:\Users\Chris\Dropbox\DebateTab\Dropbox\CAT20\Backup\CAT20\frmElims.Designer.vb">
</Event><Event ErrorLevel="0" Project="CAT20" Source="CAT20\frmElims.vb" Description="File successfully backed up as C:\Users\Chris\Dropbox\DebateTab\Dropbox\CAT20\Backup\CAT20\frmElims.vb">
</Event><Event ErrorLevel="0" Project="CAT20" Source="CAT20\frmEnterDivisions.Designer.vb" Description="File successfully backed up as C:\Users\Chris\Dropbox\DebateTab\Dropbox\CAT20\Backup\CAT20\frmEnterDivisions.Designer.vb">
</Event><Event ErrorLevel="0" Project="CAT20" Source="CAT20\frmEnterDivisions.vb" Description="File successfully backed up as C:\Users\Chris\Dropbox\DebateTab\Dropbox\CAT20\Backup\CAT20\frmEnterDivisions.vb">
</Event><Event ErrorLevel="0" Project="CAT20" Source="CAT20\frmEntriesBySchool.Designer.vb" Description="File successfully backed up as C:\Users\Chris\Dropbox\DebateTab\Dropbox\CAT20\Backup\CAT20\frmEntriesBySchool.Designer.vb">
</Event><Event ErrorLevel="0" Project="CAT20" Source="CAT20\frmEntriesBySchool.vb" Description="File successfully backed up as C:\Users\Chris\Dropbox\DebateTab\Dropbox\CAT20\Backup\CAT20\frmEntriesBySchool.vb">
</Event><Event ErrorLevel="0" Project="CAT20" Source="CAT20\frmJudgeCards.Designer.vb" Description="File successfully backed up as C:\Users\Chris\Dropbox\DebateTab\Dropbox\CAT20\Backup\CAT20\frmJudgeCards.Designer.vb">
</Event><Event ErrorLevel="0" Project="CAT20" Source="CAT20\frmJudgeCards.vb" Description="File successfully backed up as C:\Users\Chris\Dropbox\DebateTab\Dropbox\CAT20\Backup\CAT20\frmJudgeCards.vb">
</Event><Event ErrorLevel="0" Project="CAT20" Source="CAT20\frmJudgeEntry.Designer.vb" Description="File successfully backed up as C:\Users\Chris\Dropbox\DebateTab\Dropbox\CAT20\Backup\CAT20\frmJudgeEntry.Designer.vb">
</Event><Event ErrorLevel="0" Project="CAT20" Source="CAT20\frmJudgeEntry.vb" Description="File successfully backed up as C:\Users\Chris\Dropbox\DebateTab\Dropbox\CAT20\Backup\CAT20\frmJudgeEntry.vb">
</Event><Event ErrorLevel="0" Project="CAT20" Source="CAT20\frmJudgePref.Designer.vb" Description="File successfully backed up as C:\Users\Chris\Dropbox\DebateTab\Dropbox\CAT20\Backup\CAT20\frmJudgePref.Designer.vb">
</Event><Event ErrorLevel="0" Project="CAT20" Source="CAT20\frmJudgePref.vb" Description="File successfully backed up as C:\Users\Chris\Dropbox\DebateTab\Dropbox\CAT20\Backup\CAT20\frmJudgePref.vb">
</Event><Event ErrorLevel="0" Project="CAT20" Source="CAT20\frmJudgesByRoundPopup.Designer.vb" Description="File successfully backed up as C:\Users\Chris\Dropbox\DebateTab\Dropbox\CAT20\Backup\CAT20\frmJudgesByRoundPopup.Designer.vb">
</Event><Event ErrorLevel="0" Project="CAT20" Source="CAT20\frmJudgesByRoundPopup.vb" Description="File successfully backed up as C:\Users\Chris\Dropbox\DebateTab\Dropbox\CAT20\Backup\CAT20\frmJudgesByRoundPopup.vb">
</Event><Event ErrorLevel="0" Project="CAT20" Source="CAT20\frmMainMenu.vb" Description="File successfully backed up as C:\Users\Chris\Dropbox\DebateTab\Dropbox\CAT20\Backup\CAT20\frmMainMenu.vb">
</Event><Event ErrorLevel="0" Project="CAT20" Source="CAT20\frmMainMenu.Designer.vb" Description="File successfully backed up as C:\Users\Chris\Dropbox\DebateTab\Dropbox\CAT20\Backup\CAT20\frmMainMenu.Designer.vb">
</Event><Event ErrorLevel="0" Project="CAT20" Source="CAT20\frmManualElims.Designer.vb" Description="File successfully backed up as C:\Users\Chris\Dropbox\DebateTab\Dropbox\CAT20\Backup\CAT20\frmManualElims.Designer.vb">
</Event><Event ErrorLevel="0" Project="CAT20" Source="CAT20\frmManualElims.vb" Description="File successfully backed up as C:\Users\Chris\Dropbox\DebateTab\Dropbox\CAT20\Backup\CAT20\frmManualElims.vb">
</Event><Event ErrorLevel="0" Project="CAT20" Source="CAT20\frmManualPair.Designer.vb" Description="File successfully backed up as C:\Users\Chris\Dropbox\DebateTab\Dropbox\CAT20\Backup\CAT20\frmManualPair.Designer.vb">
</Event><Event ErrorLevel="0" Project="CAT20" Source="CAT20\frmManualPair.vb" Description="File successfully backed up as C:\Users\Chris\Dropbox\DebateTab\Dropbox\CAT20\Backup\CAT20\frmManualPair.vb">
</Event><Event ErrorLevel="0" Project="CAT20" Source="CAT20\frmPair.Designer.vb" Description="File successfully backed up as C:\Users\Chris\Dropbox\DebateTab\Dropbox\CAT20\Backup\CAT20\frmPair.Designer.vb">
</Event><Event ErrorLevel="0" Project="CAT20" Source="CAT20\frmPair.vb" Description="File successfully backed up as C:\Users\Chris\Dropbox\DebateTab\Dropbox\CAT20\Backup\CAT20\frmPair.vb">
</Event><Event ErrorLevel="0" Project="CAT20" Source="CAT20\frmPreclusionsByJudge.Designer.vb" Description="File successfully backed up as C:\Users\Chris\Dropbox\DebateTab\Dropbox\CAT20\Backup\CAT20\frmPreclusionsByJudge.Designer.vb">
</Event><Event ErrorLevel="0" Project="CAT20" Source="CAT20\frmPreclusionsByJudge.vb" Description="File successfully backed up as C:\Users\Chris\Dropbox\DebateTab\Dropbox\CAT20\Backup\CAT20\frmPreclusionsByJudge.vb">
</Event><Event ErrorLevel="0" Project="CAT20" Source="CAT20\frmPresetSmallDivision.Designer.vb" Description="File successfully backed up as C:\Users\Chris\Dropbox\DebateTab\Dropbox\CAT20\Backup\CAT20\frmPresetSmallDivision.Designer.vb">
</Event><Event ErrorLevel="0" Project="CAT20" Source="CAT20\frmPresetSmallDivision.vb" Description="File successfully backed up as C:\Users\Chris\Dropbox\DebateTab\Dropbox\CAT20\Backup\CAT20\frmPresetSmallDivision.vb">
</Event><Event ErrorLevel="0" Project="CAT20" Source="CAT20\frmPrint.Designer.vb" Description="File successfully backed up as C:\Users\Chris\Dropbox\DebateTab\Dropbox\CAT20\Backup\CAT20\frmPrint.Designer.vb">
</Event><Event ErrorLevel="0" Project="CAT20" Source="CAT20\frmPrint.vb" Description="File successfully backed up as C:\Users\Chris\Dropbox\DebateTab\Dropbox\CAT20\Backup\CAT20\frmPrint.vb">
</Event><Event ErrorLevel="0" Project="CAT20" Source="CAT20\frmRegPrint.Designer.vb" Description="File successfully backed up as C:\Users\Chris\Dropbox\DebateTab\Dropbox\CAT20\Backup\CAT20\frmRegPrint.Designer.vb">
</Event><Event ErrorLevel="0" Project="CAT20" Source="CAT20\frmRegPrint.vb" Description="File successfully backed up as C:\Users\Chris\Dropbox\DebateTab\Dropbox\CAT20\Backup\CAT20\frmRegPrint.vb">
</Event><Event ErrorLevel="0" Project="CAT20" Source="CAT20\frmResults.Designer.vb" Description="File successfully backed up as C:\Users\Chris\Dropbox\DebateTab\Dropbox\CAT20\Backup\CAT20\frmResults.Designer.vb">
</Event><Event ErrorLevel="0" Project="CAT20" Source="CAT20\frmResults.vb" Description="File successfully backed up as C:\Users\Chris\Dropbox\DebateTab\Dropbox\CAT20\Backup\CAT20\frmResults.vb">
</Event><Event ErrorLevel="0" Project="CAT20" Source="CAT20\frmRoomEntry.Designer.vb" Description="File successfully backed up as C:\Users\Chris\Dropbox\DebateTab\Dropbox\CAT20\Backup\CAT20\frmRoomEntry.Designer.vb">
</Event><Event ErrorLevel="0" Project="CAT20" Source="CAT20\frmRoomEntry.vb" Description="File successfully backed up as C:\Users\Chris\Dropbox\DebateTab\Dropbox\CAT20\Backup\CAT20\frmRoomEntry.vb">
</Event><Event ErrorLevel="0" Project="CAT20" Source="CAT20\frmRounds.Designer.vb" Description="File successfully backed up as C:\Users\Chris\Dropbox\DebateTab\Dropbox\CAT20\Backup\CAT20\frmRounds.Designer.vb">
</Event><Event ErrorLevel="0" Project="CAT20" Source="CAT20\frmRounds.vb" Description="File successfully backed up as C:\Users\Chris\Dropbox\DebateTab\Dropbox\CAT20\Backup\CAT20\frmRounds.vb">
</Event><Event ErrorLevel="0" Project="CAT20" Source="CAT20\frmSchoolEntry.Designer.vb" Description="File successfully backed up as C:\Users\Chris\Dropbox\DebateTab\Dropbox\CAT20\Backup\CAT20\frmSchoolEntry.Designer.vb">
</Event><Event ErrorLevel="0" Project="CAT20" Source="CAT20\frmSchoolEntry.vb" Description="File successfully backed up as C:\Users\Chris\Dropbox\DebateTab\Dropbox\CAT20\Backup\CAT20\frmSchoolEntry.vb">
</Event><Event ErrorLevel="0" Project="CAT20" Source="CAT20\frmShowPairings.Designer.vb" Description="File successfully backed up as C:\Users\Chris\Dropbox\DebateTab\Dropbox\CAT20\Backup\CAT20\frmShowPairings.Designer.vb">
</Event><Event ErrorLevel="0" Project="CAT20" Source="CAT20\frmShowPairings.vb" Description="File successfully backed up as C:\Users\Chris\Dropbox\DebateTab\Dropbox\CAT20\Backup\CAT20\frmShowPairings.vb">
</Event><Event ErrorLevel="0" Project="CAT20" Source="CAT20\frmSTAJudgePlacement.Designer.vb" Description="File successfully backed up as C:\Users\Chris\Dropbox\DebateTab\Dropbox\CAT20\Backup\CAT20\frmSTAJudgePlacement.Designer.vb">
</Event><Event ErrorLevel="0" Project="CAT20" Source="CAT20\frmSTAJudgePlacement.vb" Description="File successfully backed up as C:\Users\Chris\Dropbox\DebateTab\Dropbox\CAT20\Backup\CAT20\frmSTAJudgePlacement.vb">
</Event><Event ErrorLevel="0" Project="CAT20" Source="CAT20\frmTeamBlocks.Designer.vb" Description="File successfully backed up as C:\Users\Chris\Dropbox\DebateTab\Dropbox\CAT20\Backup\CAT20\frmTeamBlocks.Designer.vb">
</Event><Event ErrorLevel="0" Project="CAT20" Source="CAT20\frmTeamBlocks.vb" Description="File successfully backed up as C:\Users\Chris\Dropbox\DebateTab\Dropbox\CAT20\Backup\CAT20\frmTeamBlocks.vb">
</Event><Event ErrorLevel="0" Project="CAT20" Source="CAT20\frmTeamEntry.Designer.vb" Description="File successfully backed up as C:\Users\Chris\Dropbox\DebateTab\Dropbox\CAT20\Backup\CAT20\frmTeamEntry.Designer.vb">
</Event><Event ErrorLevel="0" Project="CAT20" Source="CAT20\frmTeamEntry.vb" Description="File successfully backed up as C:\Users\Chris\Dropbox\DebateTab\Dropbox\CAT20\Backup\CAT20\frmTeamEntry.vb">
</Event><Event ErrorLevel="0" Project="CAT20" Source="CAT20\frmTieBreakers.Designer.vb" Description="File successfully backed up as C:\Users\Chris\Dropbox\DebateTab\Dropbox\CAT20\Backup\CAT20\frmTieBreakers.Designer.vb">
</Event><Event ErrorLevel="0" Project="CAT20" Source="CAT20\frmTieBreakers.vb" Description="File successfully backed up as C:\Users\Chris\Dropbox\DebateTab\Dropbox\CAT20\Backup\CAT20\frmTieBreakers.vb">
</Event><Event ErrorLevel="0" Project="CAT20" Source="CAT20\frmTourneySettings.Designer.vb" Description="File successfully backed up as C:\Users\Chris\Dropbox\DebateTab\Dropbox\CAT20\Backup\CAT20\frmTourneySettings.Designer.vb">
</Event><Event ErrorLevel="0" Project="CAT20" Source="CAT20\frmTourneySettings.vb" Description="File successfully backed up as C:\Users\Chris\Dropbox\DebateTab\Dropbox\CAT20\Backup\CAT20\frmTourneySettings.vb">
</Event><Event ErrorLevel="0" Project="CAT20" Source="CAT20\frmTRPCPair.Designer.vb" Description="File successfully backed up as C:\Users\Chris\Dropbox\DebateTab\Dropbox\CAT20\Backup\CAT20\frmTRPCPair.Designer.vb">
</Event><Event ErrorLevel="0" Project="CAT20" Source="CAT20\frmTRPCPair.vb" Description="File successfully backed up as C:\Users\Chris\Dropbox\DebateTab\Dropbox\CAT20\Backup\CAT20\frmTRPCPair.vb">
</Event><Event ErrorLevel="0" Project="CAT20" Source="CAT20\frmUtilities.Designer.vb" Description="File successfully backed up as C:\Users\Chris\Dropbox\DebateTab\Dropbox\CAT20\Backup\CAT20\frmUtilities.Designer.vb">
</Event><Event ErrorLevel="0" Project="CAT20" Source="CAT20\frmUtilities.vb" Description="File successfully backed up as C:\Users\Chris\Dropbox\DebateTab\Dropbox\CAT20\Backup\CAT20\frmUtilities.vb">
</Event><Event ErrorLevel="0" Project="CAT20" Source="CAT20\frmWebInteraction.Designer.vb" Description="File successfully backed up as C:\Users\Chris\Dropbox\DebateTab\Dropbox\CAT20\Backup\CAT20\frmWebInteraction.Designer.vb">
</Event><Event ErrorLevel="0" Project="CAT20" Source="CAT20\frmWebInteraction.vb" Description="File successfully backed up as C:\Users\Chris\Dropbox\DebateTab\Dropbox\CAT20\Backup\CAT20\frmWebInteraction.vb">
</Event><Event ErrorLevel="0" Project="CAT20" Source="CAT20\frmWUDCSideChange.Designer.vb" Description="File successfully backed up as C:\Users\Chris\Dropbox\DebateTab\Dropbox\CAT20\Backup\CAT20\frmWUDCSideChange.Designer.vb">
</Event><Event ErrorLevel="0" Project="CAT20" Source="CAT20\frmWUDCSideChange.vb" Description="File successfully backed up as C:\Users\Chris\Dropbox\DebateTab\Dropbox\CAT20\Backup\CAT20\frmWUDCSideChange.vb">
</Event><Event ErrorLevel="0" Project="CAT20" Source="CAT20\modBallots.vb" Description="File successfully backed up as C:\Users\Chris\Dropbox\DebateTab\Dropbox\CAT20\Backup\CAT20\modBallots.vb">
</Event><Event ErrorLevel="0" Project="CAT20" Source="CAT20\modGlobals.vb" Description="File successfully backed up as C:\Users\Chris\Dropbox\DebateTab\Dropbox\CAT20\Backup\CAT20\modGlobals.vb">
</Event><Event ErrorLevel="0" Project="CAT20" Source="CAT20\modInitialize.vb" Description="File successfully backed up as C:\Users\Chris\Dropbox\DebateTab\Dropbox\CAT20\Backup\CAT20\modInitialize.vb">
</Event><Event ErrorLevel="0" Project="CAT20" Source="CAT20\modPairing.vb" Description="File successfully backed up as C:\Users\Chris\Dropbox\DebateTab\Dropbox\CAT20\Backup\CAT20\modPairing.vb">
</Event><Event ErrorLevel="0" Project="CAT20" Source="CAT20\modTieBreaker.vb" Description="File successfully backed up as C:\Users\Chris\Dropbox\DebateTab\Dropbox\CAT20\Backup\CAT20\modTieBreaker.vb">
</Event><Event ErrorLevel="0" Project="CAT20" Source="CAT20\modWebStuff.vb" Description="File successfully backed up as C:\Users\Chris\Dropbox\DebateTab\Dropbox\CAT20\Backup\CAT20\modWebStuff.vb">
</Event><Event ErrorLevel="0" Project="CAT20" Source="CAT20\My Project\AssemblyInfo.vb" Description="File successfully backed up as C:\Users\Chris\Dropbox\DebateTab\Dropbox\CAT20\Backup\CAT20\My Project\AssemblyInfo.vb">
</Event><Event ErrorLevel="0" Project="CAT20" Source="CAT20\My Project\Application.Designer.vb" Description="File successfully backed up as C:\Users\Chris\Dropbox\DebateTab\Dropbox\CAT20\Backup\CAT20\My Project\Application.Designer.vb">
</Event><Event ErrorLevel="0" Project="CAT20" Source="CAT20\My Project\Resources.Designer.vb" Description="File successfully backed up as C:\Users\Chris\Dropbox\DebateTab\Dropbox\CAT20\Backup\CAT20\My Project\Resources.Designer.vb">
</Event><Event ErrorLevel="0" Project="CAT20" Source="CAT20\My Project\Settings.Designer.vb" Description="File successfully backed up as C:\Users\Chris\Dropbox\DebateTab\Dropbox\CAT20\Backup\CAT20\My Project\Settings.Designer.vb">
</Event><Event ErrorLevel="0" Project="CAT20" Source="CAT20\app.config" Description="File successfully backed up as C:\Users\Chris\Dropbox\DebateTab\Dropbox\CAT20\Backup\CAT20\app.config">
</Event><Event ErrorLevel="0" Project="CAT20" Source="CAT20\CAT20_TemporaryKey.pfx" Description="File successfully backed up as C:\Users\Chris\Dropbox\DebateTab\Dropbox\CAT20\Backup\CAT20\CAT20_TemporaryKey.pfx">
</Event><Event ErrorLevel="0" Project="CAT20" Source="CAT20\My Project\Application.myapp" Description="File successfully backed up as C:\Users\Chris\Dropbox\DebateTab\Dropbox\CAT20\Backup\CAT20\My Project\Application.myapp">
</Event><Event ErrorLevel="0" Project="CAT20" Source="CAT20\My Project\DataSources\CAT20.My.MyApplication.datasource" Description="File successfully backed up as C:\Users\Chris\Dropbox\DebateTab\Dropbox\CAT20\Backup\CAT20\My Project\DataSources\CAT20.My.MyApplication.datasource">
</Event><Event ErrorLevel="0" Project="CAT20" Source="CAT20\My Project\Settings.settings" Description="File successfully backed up as C:\Users\Chris\Dropbox\DebateTab\Dropbox\CAT20\Backup\CAT20\My Project\Settings.settings">
</Event><Event ErrorLevel="0" Project="CAT20" Source="CAT20\frmBallotEntry.resx" Description="File successfully backed up as C:\Users\Chris\Dropbox\DebateTab\Dropbox\CAT20\Backup\CAT20\frmBallotEntry.resx">
</Event><Event ErrorLevel="0" Project="CAT20" Source="CAT20\frmCards.resx" Description="File successfully backed up as C:\Users\Chris\Dropbox\DebateTab\Dropbox\CAT20\Backup\CAT20\frmCards.resx">
</Event><Event ErrorLevel="0" Project="CAT20" Source="CAT20\frmDataFileLoader.resx" Description="File successfully backed up as C:\Users\Chris\Dropbox\DebateTab\Dropbox\CAT20\Backup\CAT20\frmDataFileLoader.resx">
</Event><Event ErrorLevel="0" Project="CAT20" Source="CAT20\frmElims.resx" Description="File successfully backed up as C:\Users\Chris\Dropbox\DebateTab\Dropbox\CAT20\Backup\CAT20\frmElims.resx">
</Event><Event ErrorLevel="0" Project="CAT20" Source="CAT20\frmEnterDivisions.resx" Description="File successfully backed up as C:\Users\Chris\Dropbox\DebateTab\Dropbox\CAT20\Backup\CAT20\frmEnterDivisions.resx">
</Event><Event ErrorLevel="0" Project="CAT20" Source="CAT20\frmEntriesBySchool.resx" Description="File successfully backed up as C:\Users\Chris\Dropbox\DebateTab\Dropbox\CAT20\Backup\CAT20\frmEntriesBySchool.resx">
</Event><Event ErrorLevel="0" Project="CAT20" Source="CAT20\frmJudgeCards.resx" Description="File successfully backed up as C:\Users\Chris\Dropbox\DebateTab\Dropbox\CAT20\Backup\CAT20\frmJudgeCards.resx">
</Event><Event ErrorLevel="0" Project="CAT20" Source="CAT20\frmJudgeEntry.resx" Description="File successfully backed up as C:\Users\Chris\Dropbox\DebateTab\Dropbox\CAT20\Backup\CAT20\frmJudgeEntry.resx">
</Event><Event ErrorLevel="0" Project="CAT20" Source="CAT20\frmJudgePref.resx" Description="File successfully backed up as C:\Users\Chris\Dropbox\DebateTab\Dropbox\CAT20\Backup\CAT20\frmJudgePref.resx">
</Event><Event ErrorLevel="0" Project="CAT20" Source="CAT20\frmJudgesByRoundPopup.resx" Description="File successfully backed up as C:\Users\Chris\Dropbox\DebateTab\Dropbox\CAT20\Backup\CAT20\frmJudgesByRoundPopup.resx">
</Event><Event ErrorLevel="0" Project="CAT20" Source="CAT20\frmMainMenu.resx" Description="File successfully backed up as C:\Users\Chris\Dropbox\DebateTab\Dropbox\CAT20\Backup\CAT20\frmMainMenu.resx">
</Event><Event ErrorLevel="0" Project="CAT20" Source="CAT20\frmManualElims.resx" Description="File successfully backed up as C:\Users\Chris\Dropbox\DebateTab\Dropbox\CAT20\Backup\CAT20\frmManualElims.resx">
</Event><Event ErrorLevel="0" Project="CAT20" Source="CAT20\frmManualPair.resx" Description="File successfully backed up as C:\Users\Chris\Dropbox\DebateTab\Dropbox\CAT20\Backup\CAT20\frmManualPair.resx">
</Event><Event ErrorLevel="0" Project="CAT20" Source="CAT20\frmPair.resx" Description="File successfully backed up as C:\Users\Chris\Dropbox\DebateTab\Dropbox\CAT20\Backup\CAT20\frmPair.resx">
</Event><Event ErrorLevel="0" Project="CAT20" Source="CAT20\frmPreclusionsByJudge.resx" Description="File successfully backed up as C:\Users\Chris\Dropbox\DebateTab\Dropbox\CAT20\Backup\CAT20\frmPreclusionsByJudge.resx">
</Event><Event ErrorLevel="0" Project="CAT20" Source="CAT20\frmPresetSmallDivision.resx" Description="File successfully backed up as C:\Users\Chris\Dropbox\DebateTab\Dropbox\CAT20\Backup\CAT20\frmPresetSmallDivision.resx">
</Event><Event ErrorLevel="0" Project="CAT20" Source="CAT20\frmPrint.resx" Description="File successfully backed up as C:\Users\Chris\Dropbox\DebateTab\Dropbox\CAT20\Backup\CAT20\frmPrint.resx">
</Event><Event ErrorLevel="0" Project="CAT20" Source="CAT20\frmRegPrint.resx" Description="File successfully backed up as C:\Users\Chris\Dropbox\DebateTab\Dropbox\CAT20\Backup\CAT20\frmRegPrint.resx">
</Event><Event ErrorLevel="0" Project="CAT20" Source="CAT20\frmResults.resx" Description="File successfully backed up as C:\Users\Chris\Dropbox\DebateTab\Dropbox\CAT20\Backup\CAT20\frmResults.resx">
</Event><Event ErrorLevel="0" Project="CAT20" Source="CAT20\frmRoomEntry.resx" Description="File successfully backed up as C:\Users\Chris\Dropbox\DebateTab\Dropbox\CAT20\Backup\CAT20\frmRoomEntry.resx">
</Event><Event ErrorLevel="0" Project="CAT20" Source="CAT20\frmRounds.resx" Description="File successfully backed up as C:\Users\Chris\Dropbox\DebateTab\Dropbox\CAT20\Backup\CAT20\frmRounds.resx">
</Event><Event ErrorLevel="0" Project="CAT20" Source="CAT20\frmSchoolEntry.resx" Description="File successfully backed up as C:\Users\Chris\Dropbox\DebateTab\Dropbox\CAT20\Backup\CAT20\frmSchoolEntry.resx">
</Event><Event ErrorLevel="0" Project="CAT20" Source="CAT20\frmShowPairings.resx" Description="File successfully backed up as C:\Users\Chris\Dropbox\DebateTab\Dropbox\CAT20\Backup\CAT20\frmShowPairings.resx">
</Event><Event ErrorLevel="0" Project="CAT20" Source="CAT20\frmSTAJudgePlacement.resx" Description="File successfully backed up as C:\Users\Chris\Dropbox\DebateTab\Dropbox\CAT20\Backup\CAT20\frmSTAJudgePlacement.resx">
</Event><Event ErrorLevel="0" Project="CAT20" Source="CAT20\frmTeamBlocks.resx" Description="File successfully backed up as C:\Users\Chris\Dropbox\DebateTab\Dropbox\CAT20\Backup\CAT20\frmTeamBlocks.resx">
</Event><Event ErrorLevel="0" Project="CAT20" Source="CAT20\frmTeamEntry.resx" Description="File successfully backed up as C:\Users\Chris\Dropbox\DebateTab\Dropbox\CAT20\Backup\CAT20\frmTeamEntry.resx">
</Event><Event ErrorLevel="0" Project="CAT20" Source="CAT20\frmTieBreakers.resx" Description="File successfully backed up as C:\Users\Chris\Dropbox\DebateTab\Dropbox\CAT20\Backup\CAT20\frmTieBreakers.resx">
</Event><Event ErrorLevel="0" Project="CAT20" Source="CAT20\frmTourneySettings.resx" Description="File successfully backed up as C:\Users\Chris\Dropbox\DebateTab\Dropbox\CAT20\Backup\CAT20\frmTourneySettings.resx">
</Event><Event ErrorLevel="0" Project="CAT20" Source="CAT20\frmTRPCPair.resx" Description="File successfully backed up as C:\Users\Chris\Dropbox\DebateTab\Dropbox\CAT20\Backup\CAT20\frmTRPCPair.resx">
</Event><Event ErrorLevel="0" Project="CAT20" Source="CAT20\frmUtilities.resx" Description="File successfully backed up as C:\Users\Chris\Dropbox\DebateTab\Dropbox\CAT20\Backup\CAT20\frmUtilities.resx">
</Event><Event ErrorLevel="0" Project="CAT20" Source="CAT20\frmWebInteraction.resx" Description="File successfully backed up as C:\Users\Chris\Dropbox\DebateTab\Dropbox\CAT20\Backup\CAT20\frmWebInteraction.resx">
</Event><Event ErrorLevel="0" Project="CAT20" Source="CAT20\frmWUDCSideChange.resx" Description="File successfully backed up as C:\Users\Chris\Dropbox\DebateTab\Dropbox\CAT20\Backup\CAT20\frmWUDCSideChange.resx">
</Event><Event ErrorLevel="0" Project="CAT20" Source="CAT20\My Project\Resources.resx" Description="File successfully backed up as C:\Users\Chris\Dropbox\DebateTab\Dropbox\CAT20\Backup\CAT20\My Project\Resources.resx">
</Event><Event ErrorLevel="0" Project="CAT20" Source="CAT20\CAT20.vbproj" Description="Project converted successfully">
</Event><Event ErrorLevel="3" Project="CAT20" Source="CAT20\CAT20.vbproj" Description="Converted">
</Event><Event ErrorLevel="0" Project="" Source="CAT20.sln" Description="Solution converted successfully">
</Event><Event ErrorLevel="3" Project="" Source="CAT20.sln" Description="Converted">
</Event><Event ErrorLevel="0" Project="CAT20" Source="CAT20\CAT20.vbproj" Description="Scan complete: Upgrade not required for project files.">
</Event></UpgradeLog>